PC1,PC2,SMILES,Cluster
2.676254878234736,3.9422372118496973,CN(Cc1cncc2[nH]ccc12)N1C2COC(CS(O)(=O)=O)=Nc2c1,2
-1.5535271526392105,0.2034721908124778,CN(Cc1cncc2[nH]ccc12)N1C=NN2C(=O)C(C)(O)c12,0
-0.9591929731998033,-0.4879066952134957,CN(Cc1cncc2[nH]ccc12)N1CSC2COC(=O)C(=S)C12,1
-1.350798646657,0.18332694749562523,CN(Cc1cncc2[nH]ccc12)N1C2CN(C2)C(=O)N(C1)c1ccco1,1
-0.9823694683664254,-1.0059370075543854,CN(Cc1cncc2[nH]ccc12)N1OC2(C)CCC2(O)c2ccccc12,0
-1.945098899423993,-0.036827094499654156,CN(Cc1cncc2[nH]ccc12)N1C2OC(C)N(C12)C#Cc1ccco1,0
4.114732262051699,-2.7983655528902673,CN(Cc1cnccc1NNc1ccccc1N1CS(=O)NC(N)=N1)C(F)(F)c1ccccc1,3
